molecule_chembl_id,type,standard_units,standard_value,smiles
CHEMBL66879,Ki,nM,1000000.0,O=C(O)/C=C/c1ccc(O)cc1
CHEMBL77085,Ki,nM,24000.0,N#CC(C#N)=Cc1cc(O)ccc1[N+](=O)[O-]
CHEMBL76979,Ki,nM,700000.0,COc1cc(/C=C(\C#N)C(=O)O)cc(OC)c1O
CHEMBL76904,Ki,nM,11000.0,N#CC(C#N)=Cc1ccc(O)c(O)c1
CHEMBL296407,Ki,nM,3500.0,N#C/C(=C\c1ccc(O)c(O)c1)C(N)=O
CHEMBL421877,Ki,nM,300000.0,COc1cc(C=C(C#N)C#N)cc(OC)c1O
CHEMBL77278,Ki,nM,1350000.0,Cc1ccc(/C=C(\C#N)C(=O)O)cc1
CHEMBL310798,Ki,nM,1000.0,N#CC(C#N)=Cc1cc(O)c(O)c(O)c1
CHEMBL76602,Ki,nM,308000.0,N#C/C(=C\c1ccc(O)cc1)C(=O)O
CHEMBL308134,Ki,nM,49000.0,N#CC(C#N)=Cc1ccc(O)c([N+](=O)[O-])c1
CHEMBL76557,Ki,nM,360000.0,N#CCNC(=O)/C(C#N)=C/c1ccc(O)cc1
CHEMBL78174,Ki,nM,143000.0,N#CC(C#N)=Cc1ccc(C(=O)O)cc1
CHEMBL309598,Ki,nM,4500.0,N#CC(C#N)=C(O)c1cc(O)c(O)c(O)c1
CHEMBL77387,Ki,nM,150000.0,N#CC(C#N)=Cc1ccc([N+](=O)[O-])c(O)c1
CHEMBL78184,Ki,nM,2500000.0,N#C/C(=C\c1ccc(F)cc1)C(=O)O
CHEMBL76985,Ki,nM,140000.0,N#C/C(=C\c1ccc(C=O)cc1)C(=O)O
CHEMBL145,Ki,nM,400000.0,O=C(O)/C=C/c1ccc(O)c(O)c1
CHEMBL77197,Ki,nM,341000.0,COc1cc(/C(C)=C(\C#N)C(=O)O)ccc1O
CHEMBL305695,Ki,nM,160000.0,N#CC(C#N)=Cc1ccc(O)cc1
CHEMBL311119,Ki,nM,20000.0,N#CC(C#N)=Cc1ccc(C=O)cc1
CHEMBL76905,Ki,nM,10000.0,N#CC(C#N)=Cc1cc(O)cc(O)c1
CHEMBL77524,Ki,nM,2500000.0,COc1ccc(/C=C(\C#N)C(=O)O)cc1
CHEMBL307250,Ki,nM,800000.0,COc1cc(/C=C(\C#N)C(=O)O)ccc1O
CHEMBL80155,Ki,nM,2200.0,COc1cc(C=C(C#N)C#N)cc(O)c1O
CHEMBL77436,Ki,nM,1400000.0,CN(C)c1ccc(/C=C(\C#N)C(=O)O)cc1
CHEMBL76642,Ki,nM,24000.0,N#C/C(=C/c1cc(O)ccc1O)C(=O)O
CHEMBL307248,Ki,nM,240000.0,N#CC(C#N)=Cc1ccc(NC(=O)CCC(=O)O)cc1
CHEMBL78005,Ki,nM,117000.0,N#CC(C#N)=Cc1ccc2c(c1)OCO2
CHEMBL77778,Ki,nM,150000.0,N#CC(C#N)=Cc1ccc(/C=C/C(=O)O)cc1
CHEMBL77869,Ki,nM,67000.0,COc1cc(C=C(C#N)C#N)ccc1O
CHEMBL77030,Ki,nM,850.0,N#C/C(=C\c1ccc(O)c(O)c1)C(N)=S
CHEMBL78150,Ki,nM,155000.0,CC(C)(C)c1cc(C=C(C#N)C#N)cc(C(C)(C)C)c1O
CHEMBL307179,Ki,nM,55000.0,COc1cc(C=C(C#N)C#N)cc([N+](=O)[O-])c1O
CHEMBL310400,Ki,nM,123000.0,N#CC(C#N)=Cc1cccc(O)c1
CHEMBL73820,Ki,nM,70000.0,N#C/C(=C\c1ccc(O)c(O)c1)C(=O)O
CHEMBL77298,Ki,nM,50000.0,COc1cc(C=C(C#N)C#N)cc(Br)c1O
CHEMBL268868,Ki,nM,160.0,O=C1NC(=O)c2cc(Nc3ccccc3)c(Nc3ccccc3)cc21
CHEMBL342929,Ki,nM,2300.0,CNC(=O)c1c(SSc2c(C(=O)NC)c3ccccc3n2C)n(C)c2ccccc12
CHEMBL137422,Ki,nM,3100.0,CNC(=O)c1c([Se][Se]c2c(C(=O)NC)c3ccccc3n2C)n(C)c2ccccc12
CHEMBL336174,Ki,nM,19400.0,NC(Cc1c(SSc2[nH]c3ccccc3c2CC(N)C(=O)NCc2ccccc2)[nH]c2ccccc12)C(=O)NCc1ccccc1
CHEMBL336409,Ki,nM,2700.0,N[C@H](Cc1c([Se][Se]c2[nH]c3ccccc3c2C[C@H](N)C(=O)NCc2ccccc2)[nH]c2ccccc12)C(=O)NCc1ccccc1
CHEMBL248044,Ki,nM,24.0,COc1cc2ncc(C#N)c(N[C@@H]3C[C@H]3c3ccccc3)c2cc1OC
CHEMBL246419,Ki,nM,36.0,COc1cc2ncc(C#N)c(N[C@@H]3C[C@H]3c3ccccc3F)c2cc1OC
CHEMBL248425,Ki,nM,52.0,COc1cc2ncc(C#N)c(N[C@@H]3C[C@H]3c3cccc(Br)c3)c2cc1OC
CHEMBL400742,Ki,nM,220.0,COc1cc2ncc(C#N)c(N[C@@H]3C[C@H]3c3ccc(Br)cc3)c2cc1OC
CHEMBL245996,Ki,nM,80.0,COc1cc2ncc(C#N)c(N[C@@H]3C[C@H]3c3ccc(Oc4ccccc4)cc3)c2cc1OC
CHEMBL247196,Ki,nM,44.0,COc1cc2ncc(C#N)c(N[C@@H]3C[C@H]3c3ccc(Cl)cc3)c2cc1OC
CHEMBL399438,Ki,nM,80.0,N#Cc1cnc2cc(-c3ccc(CN4CCOCC4)cc3)ccc2c1N[C@@H]1C[C@H]1c1ccccc1
CHEMBL247024,Ki,nM,400.0,N#Cc1cnc2ccc(-c3ccc(CN4CCOCC4)cc3)cc2c1N[C@@H]1C[C@H]1c1ccccc1
CHEMBL245800,Ki,nM,40.0,N#Cc1cnc2ccc(-c3ccc(CN)cc3)cc2c1N[C@@H]1C[C@H]1c1ccccc1
CHEMBL245799,Ki,nM,340.0,N#Cc1cnc2ccc(-c3cccc(CN4CCOCC4)c3)cc2c1N[C@@H]1C[C@H]1c1ccccc1
CHEMBL245798,Ki,nM,360.0,COc1cc2c(N[C@@H]3C[C@H]3c3ccccc3)c(C#N)cnc2cc1OC1CCN(C)CC1
CHEMBL248393,Ki,nM,3.0,COc1cc2c(N[C@@H]3C[C@H]3c3ccccc3)c(C#N)cnc2cc1OCCCN1CCN(C)CC1
CHEMBL248392,Ki,nM,8.4,COc1cc2c(N[C@@H]3C[C@H]3c3ccccc3)c(C#N)cnc2cc1OCCCN1CCOCC1
CHEMBL401251,Ki,nM,60.0,COCCOc1cc2ncc(C#N)c(N[C@@H]3C[C@H]3c3ccccc3)c2cc1OC
CHEMBL248391,Ki,nM,220.0,COc1cc2c(N[C@@H]3C[C@H]3c3ccccc3)c(C#N)cnc2cc1OCCCc1cccnc1
CHEMBL248222,Ki,nM,68.0,COc1cc2ncc(C#N)c(N[C@@H]3C[C@H]3c3ccccc3)c2cc1OCCCc1cccnc1
CHEMBL248221,Ki,nM,52.0,COc1cc2ncc(C#N)c(N[C@@H]3C[C@H]3c3ccccc3)c2cc1OCCCN1CCOCC1
CHEMBL401054,Ki,nM,64.0,COc1cc2ncc(C#N)c(N[C@@H]3C[C@H]3c3ccccc3)c2cc1OCCN1CCOCC1
CHEMBL248220,Ki,nM,120.0,COc1cc2ncc(C#N)c(N[C@@H]3C[C@H]3c3ccccc3)c2cc1OCc1ccccc1
CHEMBL401644,Ki,nM,360.0,COc1ccc2ncc(C#N)c(N[C@@H]3C[C@H]3c3ccccc3)c2c1
CHEMBL248045,Ki,nM,180.0,COc1ccc2c(N[C@@H]3C[C@H]3c3ccccc3)c(C#N)cnc2c1
CHEMBL257411,Ki,nM,1.6,C[C@@H](Oc1cccc2ncnc(Nc3ccc4c(cnn4Cc4nccs4)c3)c12)C(=O)N1CCOCC1
CHEMBL29197,Ki,nM,0.006,COc1cc2ncnc(Nc3cccc(Br)c3)c2cc1OC
CHEMBL2372245,Ki,nM,20000.0,CC(C)C[C@H](NC(=O)[C@H](CCCNC(=N)N)NC(=O)[C@@H](N)CCCNC(=N)N)C(=O)N[C@@H](CCC(=O)O)C(=O)N[C@@H](CCC(=O)O)C(=O)N[C@@H](CCC(=O)O)C(=O)N[C@@H](CCC(=O)O)C(=O)N[C@@H](CCC(=O)O)C(=O)N[C@@H](C)C(=O)N[C@@H](Cc1c(F)c(F)c(O)c(F)c1F)C(=O)NCC(=O)O
CHEMBL939,Ki,nM,0.4,COc1cc2ncnc(Nc3ccc(F)c(Cl)c3)c2cc1OCCCN1CCOCC1
CHEMBL1290177,Ki,nM,500.0,Clc1ccc(CNc2ccnc3oc4ccccc4c23)cc1
CHEMBL1290072,Ki,nM,400.0,COc1ccc(CNc2ccnc3oc4ccccc4c23)cc1
CHEMBL1290071,Ki,nM,680.0,c1ccc2c(CNc3ccnc4oc5ccccc5c34)cccc2c1
CHEMBL1289977,Ki,nM,3450.0,c1ccc(CCNc2ccnc3oc4ccccc4c23)cc1
CHEMBL1289976,Ki,nM,590.0,c1ccc(CNc2ccnc3oc4ccccc4c23)cc1
CHEMBL1682557,Ki,nM,67.0,CN(C)CCn1cnc(-c2ccc(F)cc2)c1-c1ccc2[nH]ncc2c1
CHEMBL1682558,Ki,nM,17.0,Fc1ccc(-c2ncn(CCN3CCOCC3)c2-c2ccc3[nH]ncc3c2)cc1
CHEMBL1682559,Ki,nM,27.0,Fc1ccc(-c2ncn(CCCN3CCOCC3)c2-c2ccc3[nH]ncc3c2)cc1
CHEMBL1682560,Ki,nM,8.0,Fc1ccc(-c2ncn(C3CCN(Cc4ccccc4)C3)c2-c2ccc3[nH]ncc3c2)cc1
CHEMBL2163772,Ki,nM,296000.0,Oc1ccc2oc3ncc(O)c(-c4ccccc4)c3c2c1
CHEMBL2170582,Ki,nM,35.0,CNC(=O)COc1cccc(Nc2ncc(F)c(Nc3ccc4c(c3)NC(=O)C(F)(F)O4)n2)c1
CHEMBL2437291,Ki,nM,2970.0,Cc1ccc(-c2csc(=N)n2CC(=O)N2CCN(c3ccccc3)CC2)cc1
CHEMBL2437292,Ki,nM,5820.0,N=c1scc(-c2ccc(Cl)cc2)n1CC(=O)N1CCN(c2ccccc2)CC1
CHEMBL2437293,Ki,nM,4680.0,N=c1scc(-c2ccccc2)n1CC(=O)N1CCN(c2ccccc2)CC1
CHEMBL2437294,Ki,nM,6090.0,CC(=O)N1CCN(C(=O)Cn2c(-c3ccc(C)cc3)csc2=N)CC1
CHEMBL2437295,Ki,nM,8580.0,CC(=O)N1CCN(C(=O)Cn2c(-c3ccc(Cl)cc3)csc2=N)CC1
CHEMBL2437297,Ki,nM,16770.0,CC(=O)N1CCN(C(=O)Cn2c(-c3ccccc3)csc2=N)CC1
CHEMBL2437296,Ki,nM,27400.0,Cc1ccc(-c2csc(=N)n2CC(=O)N2CCN(C)CC2)cc1
CHEMBL2437298,Ki,nM,15650.0,CN1CCN(C(=O)Cn2c(-c3ccc(Cl)cc3)csc2=N)CC1
CHEMBL2437300,Ki,nM,41580.0,CN1CCN(C(=O)Cn2c(-c3ccccc3)csc2=N)CC1
CHEMBL2437299,Ki,nM,22940.0,Cc1ccc(-c2csc(=N)n2CC(=O)N2CCOCC2)cc1
CHEMBL2437302,Ki,nM,6640.0,N=c1scc(-c2ccc(Cl)cc2)n1CC(=O)N1CCOCC1
CHEMBL2437301,Ki,nM,55290.0,N=c1scc(-c2ccccc2)n1CC(=O)N1CCOCC1
CHEMBL553,Ki,nM,0.1,C#Cc1cccc(Nc2ncnc3cc(OCCOC)c(OCCOC)cc23)c1
CHEMBL3604921,Ki,nM,70.2,C=CC(=O)Nc1cccc(Oc2nc(Nc3cc(C)[nH]n3)cc(N3CCN(C)CC3)n2)c1
CHEMBL3604937,Ki,nM,833.0,C=CC(=O)Nc1cccc(Oc2nc(Nc3n[nH]c4ccccc34)cc(N3CCN(C)CC3)n2)c1
CHEMBL3604943,Ki,nM,1.58,C=CC(=O)Nc1cc(Nc2nccc(-c3cn(C)c4ccccc34)n2)c(OC)cc1N1CCN(C)CC1
CHEMBL3545308,Ki,nM,1.75,C=CC(=O)Nc1cccc(Nc2nc(Nc3ccc(N4CCN(C(C)=O)CC4)cc3OC)ncc2C(F)(F)F)c1
CHEMBL3758502,Ki,nM,2.0,CC1(C)OCc2c(Nc3n[nH]c4ccccc34)nc(-c3cn[nH]c3)nc21
CHEMBL3759002,Ki,nM,844.0,Cc1cc(Nc2nc(-c3cn[nH]c3)nc3c2COC3(C)C)n[nH]1
CHEMBL3758646,Ki,nM,389.0,CC1(C)OCc2c(Nc3n[nH]c(Cl)c3Cl)nc(-c3cn[nH]c3)nc21
CHEMBL3758958,Ki,nM,17.0,CC1(C)OCc2c(Nc3c[nH]c4ccccc34)nc(-c3cn[nH]c3)nc21
CHEMBL3758954,Ki,nM,747.0,CC1(C)OCc2c(Nc3nsc4ccccc34)nc(-c3cn[nH]c3)nc21
CHEMBL3759615,Ki,nM,3.0,CC1(C)OCc2c(Nc3n[nH]c4c(F)cccc34)nc(-c3cn[nH]c3)nc21
CHEMBL3759499,Ki,nM,2.0,CC1(C)OCc2c(Nc3n[nH]c4cc(F)ccc34)nc(-c3cn[nH]c3)nc21
CHEMBL3758283,Ki,nM,8.0,CC1(C)OCc2c(Nc3n[nH]c4ccc(F)cc34)nc(-c3cn[nH]c3)nc21
CHEMBL3759935,Ki,nM,17.0,CC1(C)OCc2c(Nc3n[nH]c4cccc(F)c34)nc(-c3cn[nH]c3)nc21
CHEMBL3758948,Ki,nM,134.0,CC1(C)OCc2c(Nc3n[nH]c4c(C(F)(F)F)cccc34)nc(-c3cn[nH]c3)nc21
CHEMBL3758602,Ki,nM,2.0,CC1(C)OCc2c(Nc3n[nH]c4c(Cl)cccc34)nc(-c3cn[nH]c3)nc21
CHEMBL3758773,Ki,nM,22.4,CC1(C)OCc2c(Nc3n[nH]c4cc(Cl)ccc34)nc(-c3cn[nH]c3)nc21
CHEMBL3760072,Ki,nM,10.4,CC1(C)OCc2c(Nc3n[nH]c4c(F)cc(F)cc34)nc(-c3cn[nH]c3)nc21
CHEMBL3758700,Ki,nM,4.0,CC1(C)OCc2c(Nc3n[nH]c4c(Cl)c(F)ccc34)nc(-c3cn[nH]c3)nc21
CHEMBL3758862,Ki,nM,16.0,CC1(C)OCc2c(Nc3n[nH]c4c(Cl)cc(F)cc34)nc(-c3cn[nH]c3)nc21
CHEMBL3758830,Ki,nM,57.0,Cn1nc(Nc2nc(-c3cn[nH]c3)nc3c2COC3(C)C)c2cccc(F)c21
CHEMBL3758981,Ki,nM,519.0,CN(c1nc(-c2cn[nH]c2)nc2c1COC2(C)C)c1n[nH]c2ccccc12
CHEMBL3759442,Ki,nM,85.0,CC1(C)OCc2c(Oc3n[nH]c4ccccc34)nc(-c3cn[nH]c3)nc21
CHEMBL3759761,Ki,nM,104.0,CC1(C)OCc2c(C(=O)c3n[nH]c4ccccc34)nc(-c3cn[nH]c3)nc21
CHEMBL3759696,Ki,nM,732.0,CC1(C)OCc2c(Nc3n[nH]c4ccccc34)nc(-c3c[nH]nn3)nc21
CHEMBL3759135,Ki,nM,5.6,CC1(C)OCc2c(Nc3n[nH]c4ccccc34)nc(-c3cscn3)nc21
CHEMBL3760058,Ki,nM,175.0,CC1(C)OCc2c(Nc3n[nH]c4ccccc34)nc(-c3cc[nH]n3)nc21
CHEMBL3759096,Ki,nM,34.3,Cn1nccc1-c1nc(Nc2n[nH]c3ccccc23)c2c(n1)C(C)(C)OC2
CHEMBL3758739,Ki,nM,9.0,CC1(C)OCc2c(Nc3n[nH]c4c(Cl)cccc34)nc(-c3cn[nH]c3C(F)F)nc21
CHEMBL3353410,Ki,nM,3.2,C=CC(=O)Nc1cc(Nc2nccc(-c3cn(C)c4ccccc34)n2)c(OC)cc1N(C)CCN(C)C
CHEMBL3787662,Ki,nM,2.0,C=CC(=O)Nc1cccc(Oc2nc(Nc3ccc(N4CCN(C)CC4)cc3)nc3[nH]ccc23)c1
CHEMBL3786453,Ki,nM,14.0,C=CC(=O)Nc1cccc(Oc2nc(Nc3ccn(C)n3)nc3[nH]ccc23)c1
CHEMBL3786962,Ki,nM,3.0,C=CC(=O)Nc1cccc(Oc2nc(Nc3cnn(C)c3)nc3[nH]ccc23)c1
CHEMBL3787327,Ki,nM,590.0,C=CC(=O)N1CC[C@@H](COc2nc(Nc3cnn(C)c3)nc3[nH]ccc23)C1
CHEMBL3785393,Ki,nM,35.0,C=CC(=O)N1C[C@H](COc2nc(Nc3cnn(C)c3)nc3[nH]ccc23)[C@@H](C(F)(F)F)C1
CHEMBL3786858,Ki,nM,8.0,C=CC(=O)N1CC[C@@H](COc2nc(Nc3cnn(C)c3)nc3[nH]cc(Cl)c23)C1
CHEMBL3786802,Ki,nM,3.0,C=CC(=O)N1C[C@H](COc2nc(Nc3cnn(C)c3)nc3[nH]cc(Cl)c23)[C@@H](C(F)(F)F)C1
CHEMBL3787220,Ki,nM,3.0,C=CC(=O)N1C[C@H](COc2nc(Nc3cnn(C)c3)nc3[nH]cc(Cl)c23)[C@@H](F)C1
CHEMBL3786220,Ki,nM,8.0,C=CC(=O)N1C[C@H](COc2nc(Nc3cnn(C)c3)nc3[nH]cc(Cl)c23)[C@@H](O)C1
CHEMBL3786647,Ki,nM,15.0,C=CC(=O)N1C[C@H](CO)[C@@H](COc2nc(Nc3cnn(C)c3)nc3[nH]cc(Cl)c23)C1
CHEMBL3786523,Ki,nM,4.0,C=CC(=O)N1C[C@H](COC)[C@@H](COc2nc(Nc3cnn(C)c3)nc3[nH]cc(Cl)c23)C1
CHEMBL3787132,Ki,nM,32.0,C=CC(=O)N1C[C@@H](COc2nc(Nc3cnn(C)c3)nc3[nH]cc(Cl)c23)[C@H](OC)C1
CHEMBL3787386,Ki,nM,2.0,C#CCOc1cc2ncnc(Nc3ccc(F)c(Cl)c3)c2cc1NC(=O)C=C
CHEMBL3786812,Ki,nM,10.0,C#CCCn1cc(Nc2nc(OC[C@H]3CN(C(=O)C=C)C[C@@H]3OC)c3c(Cl)c[nH]c3n2)cn1
CHEMBL3786098,Ki,nM,4.0,C=CC(=O)N1C[C@H](COc2nc(Nc3cnn(C)c3)nc3[nH]cc(Cl)c23)[C@@H](OC)C1
CHEMBL31965,Ki,nM,0.11,C=CC(=O)Nc1cc2c(Nc3ccc(F)c(Cl)c3)ncnc2cc1OCCCN1CCOCC1
CHEMBL3883534,Ki,nM,0.14,C=CC(=O)Nc1cc2c(Nc3ccc(F)c(Cl)c3)ncnc2cc1OC
CHEMBL4098444,Ki,nM,57.0,C=CC(=O)Nc1cc(Nc2n[nH]c3cc(-c4cn(C)c5ccccc45)ccc23)c(OC)cc1N(C)CCN(C)C
CHEMBL4068763,Ki,nM,3.9,C=CC(=O)Nc1cc(Nc2n[nH]c3cc(Nc4cccc(F)c4)ccc23)c(OC)cc1N(C)CCN(C)C
CHEMBL4089863,Ki,nM,105.0,C=CC(=O)Nc1cc(Nc2n[nH]c3ccc(-c4ccc5ccccc5c4)cc23)c(OC)cc1N(C)CCN(C)C
CHEMBL4071012,Ki,nM,0.38,C=CC(=O)NCCSc1nc(-c2ccc(F)cc2)c(-c2ccnc(Nc3ccccc3)c2)[nH]1
CHEMBL4098072,Ki,nM,0.1,C=CC(=O)Nc1ccc(OC)c(Nc2cc(-c3[nH]c(SC)nc3-c3ccc(F)cc3)ccn2)c1
CHEMBL4100860,Ki,nM,0.03,C=CC(=O)Nc1ccc(OC)c(Nc2cc(-c3[nH]c(CCCO)nc3-c3ccc(F)cc3)ccn2)c1
CHEMBL3715932,Ki,nM,700.0,Nc1nc(NCc2ccccc2)c2c(n1)[nH]c1ccc(O)cc12
CHEMBL4094157,Ki,nM,640.0,Cc1cc2[nH]c3nc(N)nc(NCc4ccccc4)c3c2cc1O
CHEMBL4073523,Ki,nM,610.0,COc1cc2[nH]c3nc(N)nc(NCc4ccccc4)c3c2cc1O
CHEMBL4069965,Ki,nM,370.0,Nc1nc(NCc2ccccc2)c2c(n1)[nH]c1cc(Br)c(O)cc12
CHEMBL4090945,Ki,nM,270.0,Nc1nc(NCc2ccccc2)c2c(n1)[nH]c1cc(Cl)c(O)cc12
CHEMBL4080640,Ki,nM,90.0,Cc1ccc(CNc2nc(N)nc3[nH]c4ccc(O)cc4c23)cc1
CHEMBL4098682,Ki,nM,5670.0,Cc1ccc(CNc2nc(N)nc3[nH]c4cc(C)c(O)cc4c23)cc1
CHEMBL4099589,Ki,nM,120.0,COc1ccc(CNc2nc(N)nc3[nH]c4ccc(O)cc4c23)cc1
CHEMBL4072687,Ki,nM,5950.0,COc1ccc(CNc2nc(N)nc3[nH]c4cc(C)c(O)cc4c23)cc1
CHEMBL4061297,Ki,nM,80.0,Nc1nc(NCc2ccc(Cl)cc2)c2c(n1)[nH]c1ccc(O)cc12
CHEMBL4083162,Ki,nM,110.0,Cc1cc2[nH]c3nc(N)nc(NCc4ccc(Cl)cc4)c3c2cc1O
CHEMBL4084090,Ki,nM,1260.0,COc1cccc(CNc2nc(N)nc3[nH]c4ccc(O)cc4c23)c1
CHEMBL4102074,Ki,nM,1870.0,COc1ccccc1CNc1nc(N)nc2[nH]c3ccc(O)cc3c12
CHEMBL4091355,Ki,nM,4030.0,COc1ccccc1CNc1nc(N)nc2[nH]c3cc(C)c(O)cc3c12
CHEMBL4070420,Ki,nM,290.0,Nc1nc(NCc2cccc(Cl)c2)c2c(n1)[nH]c1ccc(O)cc12
CHEMBL4083567,Ki,nM,900.0,Cc1cc2[nH]c3nc(N)nc(NCc4cccc(Cl)c4)c3c2cc1O
CHEMBL4061797,Ki,nM,3680.0,COc1ccc(CNc2nc(N)nc3[nH]c4ccc(O)cc4c23)cc1OC
CHEMBL4060727,Ki,nM,640.0,Nc1nc(NCCc2ccccc2)c2c(n1)[nH]c1ccc(O)cc12
CHEMBL4088941,Ki,nM,910.0,C[C@@H](Nc1nc(N)nc2[nH]c3ccc(O)cc3c12)c1ccccc1
CHEMBL4099089,Ki,nM,520.0,C[C@H](Nc1nc(N)nc2[nH]c3ccc(O)cc3c12)c1ccccc1
CHEMBL4206604,Ki,nM,161.0,CC(=O)N1CC[C@H](Nc2nc(Nc3ccc(N4CCN(C)CC4)cc3)c3ncn(C(C)C)c3n2)C1
CHEMBL4206312,Ki,nM,32.0,C=CC(=O)N1CC[C@@H](Nc2nc(Nc3ccc(N4CCN(C)CC4)cc3)c3ncn(C(C)C)c3n2)C1
CHEMBL4213741,Ki,nM,164.0,C=CC(=O)N1CC[C@H](Nc2nc(Nc3ccc(N4CCN(C)CC4)cc3)c3ncn(C(C)C)c3n2)C1
CHEMBL4208811,Ki,nM,9.0,C=CC(=O)N[C@H]1CCN(c2nc(Nc3ccc(N4CCN(C)CC4)cc3)c3ncn(C(C)C)c3n2)C1
CHEMBL4207425,Ki,nM,161.0,C=CC(=O)N[C@@H]1CCN(c2nc(Nc3ccc(N4CCN(C)CC4)cc3)c3ncn(C(C)C)c3n2)C1
CHEMBL4212326,Ki,nM,36.0,C=CC(=O)N[C@H]1CCN(c2nc(Nc3cnn(C)c3)c3ncn(C(C)C)c3n2)C1
CHEMBL4203072,Ki,nM,183.0,C=CC(=O)N[C@@H]1CCN(c2nc(Nc3cnn(C)c3)c3ncn(C(C)C)c3n2)C1
CHEMBL4207951,Ki,nM,85.0,C=CC(=O)N1C[C@@H]2CN(c3nc(Nc4cnn(C)c4)c4ncn(C(C)C)c4n3)C[C@@H]2C1
CHEMBL3608429,Ki,nM,2.0,C=CC(=O)N[C@@H]1CN(c2nc(Nc3cnn(C)c3)c3ncn(C(C)C)c3n2)C[C@H]1F
CHEMBL4204566,Ki,nM,152.0,C=CC(=O)N[C@H]1CN(c2nc(Nc3cnn(C)c3)c3ncn(C(C)C)c3n2)C[C@@H]1F
CHEMBL4211782,Ki,nM,3.0,C=CC(=O)Nc1cccc(Oc2nc(Nc3cnn(CCN(C)C)c3)nc3[nH]ccc23)c1
CHEMBL4216749,Ki,nM,2.0,C=CC(=O)Nc1cccc(Oc2nc(Nc3cnn(CCN(C)C)c3)nc3[nH]ccc23)c1F
CHEMBL4206481,Ki,nM,4.0,C=CC(=O)N1CC[C@@H](Nc2nc(Nc3cnn(C)c3)nc3[nH]cc(Cl)c23)C1
CHEMBL4211367,Ki,nM,3.0,C=CC(=O)N1C[C@H](Nc2nc(Nc3cnn(C)c3)nc3[nH]cc(Cl)c23)[C@@H](F)C1
CHEMBL4209368,Ki,nM,105.0,C=CC(=O)N1CC[C@@H](Nc2nc(Nc3cnn(C)c3)c3ncn(C(C)C)c3n2)C1
CHEMBL4204498,Ki,nM,56.0,C=CC(=O)N1C[C@H](Nc2nc(Nc3cnn(C)c3)c3ncn(C(C)C)c3n2)[C@@H](F)C1
CHEMBL3608432,Ki,nM,17.0,C=CC(=O)N[C@@H]1CN(c2nc(Nc3cn(C)nc3C)c3ncn(C(C)C)c3n2)C[C@H]1F
CHEMBL4216679,Ki,nM,8.0,C=CC(=O)N[C@@H]1CN(c2nc(Nc3cn(C)nc3OC)c3ncn(C(C)C)c3n2)C[C@H]1F
CHEMBL4218154,Ki,nM,19.0,C=CC(=O)N[C@@H]1CN(c2nc(Nc3cn(C)nc3CC)c3ncn(C(C)C)c3n2)C[C@H]1F
CHEMBL4208829,Ki,nM,18.0,C=CC(=O)N[C@@H]1CN(c2nc(Nc3cn(C)nc3OC)c3ncn(C(C)(C)C)c3n2)C[C@H]1F
CHEMBL4205392,Ki,nM,6.0,C=CC(=O)N[C@@H]1CN(c2nc(Nc3cn(C)nc3OC)c3ncn(CC)c3n2)C[C@H]1F
CHEMBL3989970,Ki,nM,13.0,C=CC(=O)N[C@@H]1CN(c2nc(Nc3cn(C)nc3OC)c3ncn(C)c3n2)C[C@H]1F
CHEMBL4217461,Ki,nM,2740.0,COc1cccc(CNc2ccnc3oc4ccc([N+](=O)[O-])cc4c23)c1
CHEMBL4217976,Ki,nM,2050.0,COc1ccc(CNc2ccnc3oc4ccc([N+](=O)[O-])cc4c23)cc1
CHEMBL4213049,Ki,nM,1360.0,O=[N+]([O-])c1ccc2oc3nccc(NCc4cccc(Cl)c4)c3c2c1
CHEMBL4203084,Ki,nM,2520.0,O=[N+]([O-])c1ccc2oc3nccc(NCc4ccc(Cl)cc4)c3c2c1
CHEMBL4208649,Ki,nM,680.0,O=[N+]([O-])c1ccc2oc3nccc(NCc4cccc(Br)c4)c3c2c1
CHEMBL4209187,Ki,nM,810.0,O=[N+]([O-])c1ccc2oc3nccc(NCc4ccc(Br)cc4)c3c2c1
CHEMBL4204320,Ki,nM,3590.0,Nc1cccc(CNc2ccnc3oc4ccc([N+](=O)[O-])cc4c23)c1
CHEMBL4211341,Ki,nM,930.0,O=[N+]([O-])c1cccc(CNc2ccnc3oc4ccc([N+](=O)[O-])cc4c23)c1
CHEMBL4210187,Ki,nM,170.0,COc1cccc(CNc2ccnc3oc4ccc(N)cc4c23)c1
CHEMBL4203339,Ki,nM,400.0,Nc1ccc2oc3nccc(NCc4cccc(Cl)c4)c3c2c1
CHEMBL4213021,Ki,nM,230.0,Nc1ccc2oc3nccc(NCc4cccc(Br)c4)c3c2c1
CHEMBL4206140,Ki,nM,940.0,Nc1cccc(CNc2ccnc3oc4ccc(N)cc4c23)c1
CHEMBL4217440,Ki,nM,330.0,COc1cccc(CNc2ccnc3[nH]c4ccc([N+](=O)[O-])cc4c23)c1
CHEMBL4207398,Ki,nM,80.0,O=[N+]([O-])c1ccc2[nH]c3nccc(NCc4cccc(Cl)c4)c3c2c1
CHEMBL4214266,Ki,nM,110.0,O=[N+]([O-])c1ccc2[nH]c3nccc(NCc4cccc(Br)c4)c3c2c1
CHEMBL4217693,Ki,nM,320.0,COc1cccc(CNc2ccnc3[nH]c4ccc(N)cc4c23)c1
CHEMBL4209480,Ki,nM,140.0,Nc1ccc2[nH]c3nccc(NCc4cccc(Cl)c4)c3c2c1
CHEMBL4214387,Ki,nM,110.0,Nc1ccc2[nH]c3nccc(NCc4cccc(Br)c4)c3c2c1
CHEMBL554,Ki,nM,3.0,CS(=O)(=O)CCNCc1ccc(-c2ccc3ncnc(Nc4ccc(OCc5cccc(F)c5)c(Cl)c4)c3c2)o1
CHEMBL4527443,Ki,nM,303.0,C=CC(=O)Nc1cccc(Nc2nc(Nc3ccc(N4CCN(C(C)=O)CC4)c(OC)c3)ncc2C(F)(F)F)c1
CHEMBL4558324,Ki,nM,271.0,C=CC(=O)Nc1cc(Nc2nccc(-n3cc(CN(C)C)c(-c4ccccc4)n3)n2)c(OC)cc1N1CCOCC1
CHEMBL5194946,Ki,nM,170.0,Nc1nc(Nc2ccc(COc3cccc(F)c3)cc2)c2c(n1)[nH]c1ccc(O)cc12
CHEMBL3286830,Ki,nM,56.0,C[C@H]1Oc2cc(cnc2N)-c2c(nn(C)c2C#N)CN(C)C(=O)c2ccc(F)cc21
CHEMBL14326,Kd,nM,1000.0,Nc1ncnc2c1ncn2[C@@H]1O[C@H](CO)[C@@H](O)[C@H]1S
CHEMBL607707,Kd,nM,1.0,CCOc1cc2ncc(C#N)c(Nc3ccc(F)c(Cl)c3)c2cc1NC(=O)/C=C/CN(C)C
CHEMBL388978,Kd,nM,70.0,CN[C@@H]1C[C@H]2O[C@@](C)([C@@H]1OC)n1c3ccccc3c3c4c(c5c6ccccc6n2c5c31)C(=O)NC4
CHEMBL278041,Kd,nM,4600.0,Oc1ccc(-c2nc(-c3ccc(F)cc3)c(-c3ccncc3)[nH]2)cc1
CHEMBL10,Kd,nM,2900.0,C[S+]([O-])c1ccc(-c2nc(-c3ccc(F)cc3)c(-c3ccncc3)[nH]2)cc1
CHEMBL24828,Kd,nM,17.0,COc1cc2/c(=N/c3ccc(Br)cc3F)nc[nH]c2cc1OCC1CCN(C)CC1
CHEMBL3545252,Kd,nM,0.82,CC(=O)O[C@@]12CO[C@@H]1C[C@H](O)[C@@]1(C)C(=O)[C@H](O)C3=C(C)[C@@H](OC(=O)[C@H](O)[C@@H](NC(=O)OC(C)(C)C)c4ccccc4)C[C@@](O)([C@@H](OC(=O)c4ccccc4)[C@H]21)C3(C)C.O.O.O
CHEMBL437469,Kd,nM,0.94,CC[C@H](NC(=O)[C@H](CC(C)C)NC(=O)[C@@H](NC(=O)[C@H](CCCCN)NC(=O)[C@H](Cc1cnc[nH]1)NC(=O)[C@H](Cc1ccc(C)cc1)NC(=O)[C@H](CCCCNC(=N)N)NC(=O)[C@H](C)NC(=O)[C@@H](NC(=O)[C@H](Cc1ccc(Cl)cc1)NC(=O)[C@@H](NC(=O)[C@H](C)NC(=O)[C@H](CC(=O)O)NC(=O)[C@@H](CCCNC(=N)N)NC(=O)[C@H](Cc1ccc(O)cc1)NC(=O)Cc1ccccc1)[C@@H](C)CC)[C@@H](C)O)C(C)C)C(=O)N[C@@H](CCC(N)=O)C(=O)N[C@@H](CC(C)C)C(=O)N[C@@H](CO)C(=O)N[C@@H](C)C(=O)N[C@@H](Cc1cnc[nH]1)C(=O)N[C@@H](CCCCN)C(=O)N[C@@H](CC(C)C)C(=O)N[C@@H](CC(C)C)C(=O)N[C@@H](CCC(N)=O)C(=O)N[C@@H](CC(=O)O)C(=O)N[C@H](C(=O)N[C@H](C(=O)N[C@H](CCCNC(=N)N)C(=O)N[C@@H](CCCCNC(=N)N)C(N)=O)[C@@H](C)CC)[C@@H](C)CC
CHEMBL572881,Kd,nM,15.0,CC1(C)CNc2cc(NC(=O)c3cccnc3NCc3ccncc3)ccc21
CHEMBL574738,Kd,nM,520.0,CCN1CCN(Cc2ccc(NC(=O)Nc3ccc(Oc4cc(NC)ncn4)cc3)cc2C(F)(F)F)CC1
CHEMBL215152,Kd,nM,450.0,CCN(CCO)CCCOc1ccc2c(Nc3cc(CC(=O)Nc4cccc(F)c4)[nH]n3)ncnc2c1
CHEMBL103667,Kd,nM,7000.0,Cc1ccc(-n2nc(C(C)(C)C)cc2NC(=O)Nc2ccc(OCCN3CCOCC3)c3ccccc23)cc1
CHEMBL483321,Kd,nM,42.0,COCC(=O)NC/C=C/c1ccc2ncnc(Nc3ccc(Oc4ccc(C)nc4)c(C)c3)c2c1
CHEMBL1421,Kd,nM,120.0,Cc1nc(Nc2ncc(C(=O)Nc3c(C)cccc3Cl)s2)cc(N2CCN(CCO)CC2)n1
CHEMBL124660,Kd,nM,410.0,COc1cc2c(N3CCN(C(=O)Nc4ccc(OC(C)C)cc4)CC3)ncnc2cc1OCCCN1CCCCC1
CHEMBL608533,Kd,nM,1300.0,CO[C@@H]1[C@H](N(C)C(=O)c2ccccc2)C[C@H]2O[C@]1(C)n1c3ccccc3c3c4c(c5c6ccccc6n2c5c31)C(=O)NC4
CHEMBL223360,Kd,nM,6500.0,Cc1ccc(F)c(NC(=O)Nc2ccc(-c3cccc4[nH]nc(N)c34)cc2)c1
CHEMBL1721885,Kd,nM,9000.0,Cc1[nH]c(/C=C2\C(=O)Nc3ccc(F)cc32)c(C)c1C(=O)NC[C@H](O)CN1CCOCC1
CHEMBL535,Kd,nM,6800.0,CCN(CC)CCNC(=O)c1c(C)[nH]c(/C=C2\C(=O)Nc3ccc(F)cc32)c1C
CHEMBL428690,Kd,nM,2300.0,CN1CC[C@H](c2c(O)cc(O)c3c(=O)cc(-c4ccccc4Cl)oc23)[C@H](O)C1
CHEMBL941,Kd,nM,7600.0,Cc1ccc(NC(=O)c2ccc(CN3CCN(C)CC3)cc2)cc1Nc1nccc(-c2cccnc2)n1
CHEMBL259084,Kd,nM,6400.0,O=C(O)c1ccc(Nc2ncc3c(n2)-c2ccc(Cl)cc2C(c2c(F)cccc2F)=NC3)cc1
CHEMBL567331,Kd,nM,230.0,c1csc(CNc2ncnc3ccc(-c4ccc5c(c4)OCO5)cc23)c1
CHEMBL603469,Kd,nM,1100.0,C[C@]12O[C@H](C[C@]1(O)CO)n1c3ccccc3c3c4c(c5c6ccccc6n2c5c31)CNC4=O
CHEMBL1240703,Kd,nM,560.0,CO[C@@H]1[C@H](N(C)C(=O)c2ccccc2)C[C@H]2O[C@]1(C)n1c3ccccc3c3c4c(c5c6ccccc6n2c5c31)C(=O)N[C@H]4O
CHEMBL491473,Kd,nM,230.0,COc1cc2c(Oc3ccc4[nH]c(C)cc4c3F)ncnc2cc1OCCCN1CCCC1
CHEMBL180022,Kd,nM,1.1,CCOc1cc2ncc(C#N)c(Nc3ccc(OCc4ccccn4)c(Cl)c3)c2cc1NC(=O)/C=C/CN(C)C
CHEMBL386051,Kd,nM,1000.0,CSc1cccc(Nc2ncc3cc(-c4c(Cl)cccc4Cl)c(=O)n(C)c3n2)c1
CHEMBL1614701,Kd,nM,7000.0,Cn1cnc2c(F)c(Nc3ccc(Br)cc3Cl)c(C(=O)NOCCO)cc21
CHEMBL601719,Kd,nM,2700.0,C[C@@H](Oc1cc(-c2cnn(C3CCNCC3)c2)cnc1N)c1c(Cl)ccc(F)c1Cl
CHEMBL509032,Kd,nM,180.0,COc1cc(N2CCC(N3CCN(C)CC3)CC2)ccc1Nc1ncc(Cl)c(Nc2ccccc2S(=O)(=O)C(C)C)n1
CHEMBL513909,Kd,nM,2200.0,CC[C@@H]1C(=O)N(C)c2cnc(Nc3ccc(C(=O)NC4CCN(C)CC4)cc3OC)nc2N1C1CCCC1
CHEMBL1908395,Kd,nM,6800.0,CN(C)CC(=O)N1CCC(c2ccc(NC(=O)c3nc(C#N)c[nH]3)c(C3=CCCCC3)c2)CC1.Cl
CHEMBL230011,Kd,nM,5100.0,Nc1nc(N)c2nc(-c3cccc(O)c3)c(-c3cccc(O)c3)nc2n1
CHEMBL1908396,Kd,nM,2600.0,COc1cc(Oc2ccnc3cc(OC)c(OC)cc23)ccc1NC(=O)NC(C)c1nccs1
CHEMBL1287853,Kd,nM,3400.0,Cc1cnc(Nc2ccc(OCCN3CCCC3)cc2)nc1Nc1cccc(S(=O)(=O)NC(C)(C)C)c1
CHEMBL1173655,Kd,nM,0.25,CN(C)C/C=C/C(=O)Nc1cc2c(Nc3ccc(F)c(Cl)c3)ncnc2cc1O[C@H]1CCOC1
CHEMBL1230609,Kd,nM,440.0,COc1cc2c(Oc3ccc(NC(=O)C4(C(=O)Nc5ccc(F)cc5)CC4)cc3F)ccnc2cc1OCCCN1CCOCC1
CHEMBL1908397,Kd,nM,7100.0,O=C(c1ccc(/C=C/c2n[nH]c3ccccc23)cc1)N1CCNCC1
CHEMBL1241674,Kd,nM,2400.0,CC(C)n1nc(-c2cc3cc(O)ccc3[nH]2)c2c(N)ncnc21
CHEMBL1908391,Kd,nM,800.0,Cc1ccc(NC(=O)c2ccc(CN3CCN(C)CC3)cc2)cc1Nc1nc(-c2cccnc2)cs1
CHEMBL475251,Kd,nM,300.0,COc1cc(Nc2ncc(F)c(Nc3ccc4c(n3)NC(=O)C(C)(C)O4)n2)cc(OC)c1OC
CHEMBL91829,Kd,nM,5100.0,CN(C)C[C@@H]1CCn2cc(c3ccccc32)C2=C(C(=O)NC2=O)c2cn(c3ccccc23)CCO1
CHEMBL384304,Kd,nM,5500.0,COc1ccc(F)c(F)c1C(=O)c1cnc(NC2CCN(S(C)(=O)=O)CC2)nc1N
CHEMBL377300,Kd,nM,3000.0,Cc1cc2c(F)c(Oc3ncnn4cc(OC[C@@H](C)O)c(C)c34)ccc2[nH]1
CHEMBL1289926,Kd,nM,2300.0,CNC(=O)c1ccccc1Sc1ccc2c(/C=C/c3ccccn3)n[nH]c2c1
CHEMBL464552,Kd,nM,4100.0,CNC(=O)c1c(F)cccc1Nc1nc(Nc2cc3c(cc2OC)CCN3C(=O)CN(C)C)nc2[nH]ccc12
CHEMBL522892,Kd,nM,940.0,CN1CCN(c2ccc3nc(-c4c(N)c5c(F)cccc5[nH]c4=O)[nH]c3c2)CC1
CHEMBL288441,Kd,nM,35.0,COc1cc(Nc2c(C#N)cnc3cc(OCCCN4CCN(C)CC4)c(OC)cc23)c(Cl)cc1Cl
CHEMBL1229592,Kd,nM,46.0,C=CC(=O)Nc1cccc(Oc2nc(Nc3ccc(N4CCN(C)CC4)cc3OC)ncc2Cl)c1
CHEMBL2029438,Kd,nM,1.2,C=CC(=O)Nc1cccc(N2C(=O)N(Cc3ccccc3)Cc3cnc(Nc4ccc(N5CCN(C)CC5)cc4OC)nc32)c1
CHEMBL2029443,Kd,nM,1400.0,CCC(=O)Nc1cccc(N2C(=O)N(C)Cc3cnc(Nc4ccc(N5CCN(C)CC5)cc4OC)nc32)c1
CHEMBL2029988,Kd,nM,22.0,COc1cc2ncnc(Oc3cccc(NC(=O)Nc4cc(C(C)(C)C(F)(F)F)on4)c3)c2cc1OC
CHEMBL2178352,Kd,nM,1.6,CN1CCN(c2ccc(Nc3ncc4nc(Nc5ccccc5)n(C5CCCC5)c4n3)cc2)CC1
CHEMBL3086102,Kd,nM,1.4,C=CC(=O)N1CC[C@H](N2C(=O)N(c3ccccc3)Cc3cnc(Nc4ccc(N5CCN(C)CC5)c(C)c4)nc32)C1
CHEMBL3633152,Kd,nM,220.0,C=CC(=O)Nc1cccc(-n2c(=O)cc(C)c3cnc(Nc4ccc(OCCN(C)C)cc4OC)nc32)c1
CHEMBL3633349,Kd,nM,310.0,C=CC(=O)Nc1cccc(-n2c3nc(Nc4ccc(N5CCC(N(C)C)CC5)cc4OC)ncc3c(=O)n3ccnc23)c1
CHEMBL3633142,Kd,nM,0.43,C=CC(=O)Nc1cccc(-n2c(=O)ccc3cnc(Nc4ccc(N5CCN(C)CC5)cc4OC)nc32)c1
CHEMBL3752363,Kd,nM,0.88,C=CC(=O)Nc1cccc(-n2c(=O)c(C)cc3cnc(Nc4ccc(N5CCN(C)CC5)cc4OC)nc32)c1
CHEMBL3753235,Kd,nM,0.5,C=CC(=O)Nc1cccc(-n2c(=O)c(-c3ccccc3)cc3cnc(Nc4ccc(N5CCN(C)CC5)cc4OC)nc32)c1
CHEMBL3633145,Kd,nM,0.5,C=CC(=O)Nc1cccc(-n2c(=O)c(Cc3ccccc3)cc3cnc(Nc4ccc(N5CCN(C)CC5)cc4OC)nc32)c1
CHEMBL3753011,Kd,nM,0.91,C=CC(=O)Nc1cccc(-n2c(=O)c(-c3ccccc3)c(C)c3cnc(Nc4ccc(N5CCN(C)CC5)cc4OC)nc32)c1
CHEMBL3633143,Kd,nM,0.26,C=CC(=O)Nc1cccc(-n2c(=O)cc(C)c3cnc(Nc4ccc(N5CCN(C)CC5)cc4OC)nc32)c1
CHEMBL3751976,Kd,nM,1.8,C=CC(=O)Nc1cccc(-n2c(=O)cc(CC)c3cnc(Nc4ccc(N5CCN(C)CC5)cc4OC)nc32)c1
CHEMBL3752448,Kd,nM,2.2,C=CC(=O)Nc1cccc(-n2c(=O)cc(C3CC3)c3cnc(Nc4ccc(N5CCN(C)CC5)cc4OC)nc32)c1
CHEMBL3633146,Kd,nM,0.16,C=CC(=O)Nc1cccc(-n2c(=O)cc(C)c3cnc(Nc4ccc(N5CCN(C)CC5)cc4)nc32)c1
CHEMBL3754803,Kd,nM,0.27,C=CC(=O)Nc1cccc(-n2c(=O)cc(C)c3cnc(Nc4ccc(N5CCN(C)CC5)cc4C)nc32)c1
CHEMBL3754564,Kd,nM,1.2,C=CC(=O)Nc1cccc(-n2c(=O)cc(C)c3cnc(Nc4ccc(N5CCN(C)CC5)cc4OCC)nc32)c1
CHEMBL3752204,Kd,nM,1.1,CN(C)/C=C/C(=O)Nc1cc2c(Nc3ccc(F)c(Cl)c3)ncnc2cc1O[C@H]1CCOC1
CHEMBL4071827,Kd,nM,0.93,C=CC(=O)Nc1cccc(-c2c[nH]c3nccc(-c4[nH]c(CCCO)nc4-c4ccc(F)cc4)c23)c1
CHEMBL4529558,Kd,nM,11.0,COc1cc2ncnc(Nc3ccc(F)c(Cl)c3)c2cc1OCCCN1CCN(C(=O)CCCCCCCCCC(=O)N[C@H](C(=O)N2C[C@H](O)C[C@H]2C(=O)NCc2ccc(-c3scnc3C)cc2)C(C)(C)C)CC1
CHEMBL4578319,Kd,nM,8.6,COc1cc2ncnc(Nc3ccc(F)c(Cl)c3)c2cc1OCCCN1CCN(C(=O)CCCCCCCCCC(=O)N[C@H](C(=O)N2C[C@@H](O)C[C@@H]2C(=O)NCc2ccc(-c3scnc3C)cc2)C(C)(C)C)CC1
CHEMBL4544574,Kd,nM,1.8,COc1cc2ncnc(Nc3ccc(F)c(Cl)c3)c2cc1OCCCN1CCN(CCC(=O)NCCCCCCCCOc2cccc3c2C(=O)N(C2CCC(=O)NC2=O)C3=O)CC1
CHEMBL4442491,Kd,nM,3.0,COc1cc2ncnc(Nc3ccc(F)c(Cl)c3)c2cc1OCCCN1CCN(CCC(=O)NCCCCCCCCOc2cccc3c2C(=O)N(C2CCC(=O)N(C)C2=O)C3=O)CC1
CHEMBL4457447,Kd,nM,10.0,CCOc1cc2ncc(C#N)c(Nc3ccc(OCc4cccc(F)c4)c(Cl)c3)c2cc1NC(=O)CC1CCSS1
CHEMBL4531250,Kd,nM,180.0,CCOc1cc2ncc(C#N)c(Nc3ccc(OCc4cccc(F)c4)c(Cl)c3)c2cc1NC(=O)C(CSC(C)=O)CSC(C)=O
CHEMBL4456266,Kd,nM,110.0,CCOc1cc2ncc(C#N)c(Nc3ccc(OCc4cccc(F)c4)c(Cl)c3)c2cc1NC(=O)C1CSSC1
CHEMBL4517633,Kd,nM,0.7,N#Cc1cnc2cc(OC[C@@H](O)CO)c(NC(=O)C3CSSC3)cc2c1Nc1ccc(OCc2cccc(F)c2)c(Cl)c1
CHEMBL4513286,Kd,nM,2.1,CC(=O)SCC(CSC(C)=O)C(=O)Nc1cc2c(Nc3ccc(OCc4cccc(F)c4)c(Cl)c3)c(C#N)cnc2cc1OC[C@H](O)CO
CHEMBL4547475,Kd,nM,32.0,CCOc1cc2ncc(C#N)c(Nc3ccc(OCc4cccc(F)c4)c(Cl)c3)c2cc1NC(=O)CCCCC1CCSS1
CHEMBL3545396,Kd,nM,220.0,COc1cccc(Nc2ncnn3ccc(CN4CC[C@@H](N)[C@H](O)C4)c23)c1
CHEMBL4446630,Kd,nM,6100.0,COc1cc(Nc2ncnc3ccc(C(F)(F)F)cc23)cc(OC)c1OC
CHEMBL311959,Kd,nM,410.0,COc1cc2nccc(Nc3cc(OC)c(OC)c(OC)c3)c2cc1OC
CHEMBL309682,Kd,nM,22.0,COc1cc2ncnc(Nc3cc(OC)c(OC)c(OC)c3)c2cc1OC
CHEMBL81073,Kd,nM,7.4,COc1cc2ncc(C#N)c(Nc3cc(OC)c(OC)c(OC)c3)c2cc1OC
CHEMBL1092250,Kd,nM,0.27,C#Cc1cccc(Nc2ccnc3cc(OC)c(OC)cc23)c1
CHEMBL304929,Kd,nM,0.55,C#Cc1cccc(Nc2ncnc3cc(OC)c(OC)cc23)c1
CHEMBL4440586,Kd,nM,1.8,C#Cc1cccc(Nc2c(C#N)cnc3cc(OC)c(OC)cc23)c1
CHEMBL4468521,Kd,nM,53.0,COCCOc1cc2ncnc(Nc3cc(OC)c(OC)c(OC)c3)c2cc1OCCOC
CHEMBL1089203,Kd,nM,390.0,C#Cc1cccc(Nc2ccnc3cc(OCCOC)c(OCCOC)cc23)c1
CHEMBL98248,Kd,nM,58.0,COc1cc2nccc(Nc3cccc(Br)c3)c2cc1OC
CHEMBL111038,Kd,nM,2.4,COc1cc2ncc(C#N)c(Nc3cccc(Br)c3)c2cc1OC
CHEMBL4447797,Kd,nM,32.0,COc1cc2nccc(Nc3ccc(OCc4cccc(F)c4)c(Cl)c3)c2cc1OC
CHEMBL4467033,Kd,nM,1.3,COc1cc2ncnc(Nc3ccc(OCc4cccc(F)c4)c(Cl)c3)c2cc1OC
CHEMBL4464614,Kd,nM,1.1,C=CC(=O)Nc1cccc(-n2c3nc(Nc4ccc(N5CCN(C)CC5)cc4OC)ncc3c(=O)n3c4ccccc4nc23)c1
CHEMBL4454373,Kd,nM,0.88,C=CC(=O)Nc1cccc(N2C3=NCCCCN3C(=O)c3cnc(Nc4ccc(N5CCN(C)CC5)cc4OC)nc32)c1
CHEMBL4459080,Kd,nM,1.8,C=CC(=O)Nc1cccc(-n2c3nc(Nc4ccc(N5CCN(C)CC5)cc4OC)ncc3c(=O)n3ccnc23)c1
CHEMBL4474541,Kd,nM,6.1,C=CC(=O)Nc1cccc(-n2c3nc(Nc4ccc(N5CCOCC5)cc4OC)ncc3c(=O)n3ccnc23)c1
CHEMBL4438135,Kd,nM,2.6,C=CC(=O)Nc1cccc(-n2c3nc(Nc4ccc(N5CCN(NC)CC5)cc4OC)ncc3c(=O)n3ccnc23)c1
CHEMBL4446485,Kd,nM,3.1,C=CC(=O)Nc1cccc(-n2c3nc(Nc4ccc(N5CCN(C)CC5)cc4OCC)ncc3c(=O)n3ccnc23)c1
CHEMBL4646030,Kd,nM,9.2,N#Cc1cnc2cc(OC[C@@H](O)CO)c(NC(=O)CC3CSSC3)cc2c1Nc1ccc(OCc2cccc(F)c2)c(Cl)c1
CHEMBL5069698,Kd,nM,550.0,CC(C)C[C@H]1CN(C(=O)Cc2ccc3c(c2)OCO3)CC(=O)N[C@@H](Cc2ccccc2)CN(C(=O)CCC2CCCCC2)CC(=O)N[C@@H](Cc2ccccc2)CN(C(=O)Cc2ccc3c(c2)OCO3)CC(=O)N[C@@H](CC(C)C)C(=O)N(CC(N)=O)C(=O)CCSCc2ccc(cc2)C(=O)N1
CHEMBL5082149,Kd,nM,430.0,COc1cc(CC(=O)N2CC(=O)N[C@@H](Cc3ccccc3)C(=O)N(CC(N)=O)C(=O)CCSCc3ccc(cc3)C(=O)N[C@@H](CCCCN)CN(C(=O)CCC3CCCCC3)CC(=O)N[C@@H](Cc3ccccc3)CN(C(=O)CCc3ccccc3)CC(=O)N[C@@H](Cc3ccccc3)C2)cc(OC)c1
CHEMBL5091890,Kd,nM,5470.0,COc1cc2ncnc(Nc3ccc(F)c(Cl)c3)c2cc1OCCCCCC(=O)NC(COCc1cn(CCCC(=O)N[C@H](C(=O)N2C[C@H](O)C[C@H]2C(=O)NCc2ccc(-c3scnc3C)cc2)C(C)(C)C)nn1)C(=O)NCCCCCC(=O)N1CCN(C(=O)c2cc(Cc3n[nH]c(=O)c4ccccc34)ccc2F)CC1
CHEMBL5079358,Kd,nM,2740.0,COc1cc2ncnc(Nc3ccc(F)c(Cl)c3)c2cc1OCC(=O)NC(Cc1ccc(OCc2cn(CCOCCNc3cccc4c3C(=O)N(C3CCC(=O)NC3=O)C4=O)nn2)cc1)C(=O)N1CCN(C(=O)c2cc(Cc3n[nH]c(=O)c4ccccc34)ccc2F)CC1
CHEMBL5181237,Kd,nM,67.0,Brc1cccc(Nc2ncnc3[nH]ccc23)c1
CHEMBL5188786,Kd,nM,30000.0,C=CC(=O)N(C)CCOc1c(N)ncnc1-c1ccc(CN2CCN(CC(C)C)CC2=O)c(C)c1
CHEMBL1873475,Kd,nM,3.9,C=CC(=O)N1CCC[C@@H](n2nc(-c3ccc(Oc4ccccc4)cc3)c3c(N)ncnc32)C1
CHEMBL3707348,Kd,nM,170.0,CC#CC(=O)N1CCC[C@H]1c1nc(-c2ccc(C(=O)Nc3ccccn3)cc2)c2c(N)nccn12
CHEMBL3936761,Kd,nM,4400.0,C=CC(=O)N1CCC([C@@H]2CCNc3c(C(N)=O)c(-c4ccc(Oc5ccccc5)cc4)nn32)CC1
CHEMBL4483575,Kd,nM,30000.0,C=CC(=O)N(C)CCOc1c(N)ncnc1-c1cc(F)cc(NC(=O)c2ccc(C3CC3)cc2F)c1C
CHEMBL4066176,Kd,nM,30000.0,C[C@@H]1CN(C2COC2)CCN1c1ccc(Nc2cc(-c3ccnc(N4CCn5c(cc6c5CC(C)(C)C6)C4=O)c3CO)cn(C)c2=O)nc1
CHEMBL5187547,Kd,nM,7.1,COc1cc2ncnc(Nc3ccc(F)c(Cl)c3)c2cc1OCCCN1CCN(C(=O)CCOCCOCCOCCOCCOCCNc2ccc3c(c2)C(=O)N(C2CCC(=O)NC2=O)C3=O)CC1
CHEMBL5175033,Kd,nM,17.0,COc1cc2ncnc(Nc3ccc(F)c(Cl)c3)c2cc1OCCCN1CCN(C(=O)CCCCCCCCCCNC(=O)C[C@H](NC(=O)[C@@H]2C[C@@H](O)CN2C(=O)[C@@H](c2cc(C)no2)C(C)C)c2ccc(-c3scnc3C)cc2)CC1
CHEMBL5191970,Kd,nM,29.0,COc1cc2ncnc(Nc3ccc(F)c(Cl)c3)c2cc1OCCCN1CCN(C(=O)CCCCCCCCCCNC(=O)C[C@H](NC(=O)[C@@H]2C[C@H](O)CN2C(=O)[C@@H](c2cc(C)no2)C(C)C)c2ccc(-c3scnc3C)cc2)CC1
CHEMBL5173715,Kd,nM,6.4,COc1cc2ncnc(Nc3ccc(F)c(Cl)c3)c2cc1OCCCN1CCN(C(=O)CCOCCOCCOCCOCCOCCNc2ccc3c(c2)C(=O)N(C2CCC(=O)N(C)C2=O)C3=O)CC1
CHEMBL2105712,Kd,nM,0.3,CN(C)C/C=C/C(=O)Nc1cc2c(Nc3ccc(F)c(Cl)c3)ncnc2cc1O[C@H]1CCOC1.O=C(O)/C=C\C(=O)O.O=C(O)/C=C\C(=O)O
